Class,Name,H,C,Blank,COTL,Age
Fish,Fish_001.png,0.857119,0.173432,3.6e-05,0.105329,4
Fish,Fish_002.png,0.862209,0.167724,0.03874,0.12022,4
Fish,Fish_003.png,0.853531,0.176583,7.7e-05,0.125998,4
Fish,Fish_004.png,0.879211,0.148761,0.00271,0.102408,4
Fish,Fish_005.png,0.884351,0.144648,0.002919,0.103466,4
Fish,Fish_006.png,0.871296,0.157472,0.001746,0.160188,4
Fish,Fish_007.png,0.894808,0.132922,0.006651,0.106602,4
Fish,Fish_008.png,0.893799,0.13375,0.0,0.104262,4
Fish,Fish_009.png,0.875291,0.153879,0.000699,0.10275,4
Fish,Fish_010.png,0.867885,0.161537,5e-06,0.139235,4
Fish,Fish_011.png,0.882243,0.146598,0.007932,0.115435,4
Fish,Fish_012.png,0.88537,0.140908,1.0,0.144741,4
Fish,Fish_013.png,0.793154,0.195313,1.0,0.210083,4
Fish,Fish_014.png,0.83097,0.198102,0.0,0.153454,4
Fish,Fish_015.png,0.886099,0.141773,0.0,0.108123,5
Fish,Fish_016.png,0.897479,0.129827,8.7e-05,0.102621,5
Fish,Fish_017.png,0.875924,0.153035,0.000117,0.101821,5
Fish,Fish_018.png,0.873329,0.15355,0.008304,0.106347,5
Fish,Fish_019.png,0.860695,0.168796,2.6e-05,0.103737,5
Fish,Fish_020.png,0.892212,0.135066,1.0,0.104767,5
Fish,Fish_021.png,0.855428,0.174502,3.1e-05,0.10279,5
Fish,Fish_022.png,0.875874,0.152829,0.0,0.107181,5
Fish,Fish_023.png,0.86487,0.164745,1e-05,0.102175,5
Fish,Fish_024.png,0.862077,0.166919,0.003374,0.104301,5
Fish,Fish_025.png,0.877911,0.151302,0.0,0.103222,5
Fish,Fish_026.png,0.883934,0.144766,0.000194,0.103218,5
Fish,Fish_027.png,0.856895,0.17025,0.021922,0.118185,5
Fish,Fish_028.png,0.870558,0.156562,0.001174,0.103416,5
Fish,Fish_029.png,0.831742,0.198858,2.6e-05,0.097603,5
Fish,Fish_030.png,0.845237,0.185322,0.0,0.100933,5
Fish,Fish_031.png,0.844199,0.187273,0.0,0.099264,5
Fish,Fish_032.png,0.828248,0.200618,0.000276,0.099615,5
Fish,Fish_033.png,0.83206,0.196803,0.001092,0.098024,5
Fish,Fish_034.png,0.83911,0.190843,0.00047,0.10191,5
Fish,Fish_035.png,0.830169,0.200149,0.000551,0.095964,5
Fish,Fish_036.png,0.842197,0.18802,0.0,0.099041,5
Fish,Fish_037.png,0.854123,0.177594,5e-06,0.100792,5
Fish,Fish_038.png,0.827357,0.203087,7.1e-05,0.100287,5
Fish,Fish_039.png,0.823252,0.206902,0.00123,0.102128,5
Fish,Fish_040.png,0.84887,0.181538,0.000148,0.100375,5
Fish,Fish_041.png,0.81391,0.214485,9.2e-05,0.09986,5
Fish,Fish_042.png,0.85134,0.180009,4.1e-05,0.101808,5
Fish,Fish_043.png,0.840289,0.189841,0.0,0.101124,5
Fish,Fish_044.png,0.850118,0.18024,0.0,0.099848,5
Fish,Fish_045.png,0.852216,0.178786,1e-05,0.101197,5
Fish,Fish_046.png,0.83576,0.192496,5e-06,0.09953,5
Fish,Fish_047.png,0.820235,0.20909,0.0,0.105304,5
Fish,Fish_048.png,0.828456,0.20056,0.003971,0.098617,5
Fish,Fish_049.png,0.835704,0.193734,5e-06,0.100298,5
Fish,Fish_050.png,0.827302,0.200889,0.000225,0.102138,5
Fish,Fish_051.png,0.832863,0.196575,0.0,0.103382,5
Fish,Fish_052.png,0.832357,0.193277,2.6e-05,0.099601,5
Fish,Fish_053.png,0.843532,0.185599,0.000148,0.098413,5
Fish,Fish_054.png,0.841269,0.189412,0.0,0.100248,5
Fish,Fish_055.png,0.839986,0.190257,7.7e-05,0.097198,5
Fish,Fish_056.png,0.839211,0.191193,0.001577,0.100464,5
Fish,Fish_057.png,0.841207,0.18698,0.000388,0.092157,5
Fish,Fish_058.png,0.850884,0.179624,0.001353,0.10795,5
Fish,Fish_059.png,0.83149,0.197303,0.010438,0.10006,5
Fish,Fish_060.png,0.829314,0.195646,0.0,0.101558,5
Fish,Fish_061.png,0.819631,0.205292,0.01276,0.098002,5
Fish,fish_062.png,0.837637,0.193361,0.000561,0.101875,5
Fish,fish_063.png,0.837963,0.192574,5e-06,0.100008,5
Fish,fish_064.png,0.842056,0.188532,0.0,0.102591,5
Fish,fish_065.png,0.824296,0.203396,0.001307,0.092461,5
Fish,fish_066.png,0.838868,0.191213,0.000357,0.102325,5
Fish,fish_067.png,0.837237,0.193644,0.001985,0.087007,5
Fish,fish_068.png,0.836394,0.192273,0.000516,0.097974,5
Fish,fish_069.png,0.843899,0.187041,2.6e-05,0.102279,5
Fish,fish_070.png,0.838642,0.190615,2.6e-05,0.100793,5
Fish,fish_071.png,0.84261,0.187087,0.003068,0.122759,5
Fish,fish_072.png,0.843785,0.185125,0.001169,0.096338,5
Fish,fish_073.png,0.836645,0.189043,0.0,0.09551,5
Fish,fish_074.png,0.842296,0.181991,5e-06,0.104022,5
Fish,fish_075.png,0.832604,0.197292,1.5e-05,0.098395,5
Fish,fish_076.png,0.841568,0.186986,0.000322,0.099254,5
Fish,fish_077.png,0.838386,0.191434,0.0,0.083736,5
Fish,fish_078.png,0.833828,0.195274,0.0,0.10245,5
Fish,fish_079.png,0.84253,0.18774,0.000265,0.100801,5
Fish,fish_080.png,0.84376,0.186561,0.0,0.10163,5
Fish,fish_081.png,0.839837,0.190684,0.0,0.107818,5
Fish,fish_082.png,0.840578,0.189436,2e-05,0.0981,5
Fish,fish_083.png,0.843788,0.184792,0.000536,0.097866,5
Fish,fish_084.png,0.839111,0.191619,5.6e-05,0.097457,5
Fish,fish_085.png,0.850006,0.179033,1.0,0.100071,5
Fish,fish_086.png,0.82702,0.202848,0.000332,0.099338,5
Fish,fish_087.png,0.839591,0.190137,0.000306,0.101195,5
Fish,fish_088.png,0.842739,0.188495,0.000102,0.100635,5
Fish,fish_089.png,0.843158,0.186617,0.0,0.097575,5
Fish,fish_090.png,0.836566,0.194136,0.000577,0.091021,5
Fish,fish_091.png,0.845612,0.184618,0.0,0.104783,5
Fish,fish_092.png,0.844226,0.185605,0.0,0.102332,5
Fish,fish_093.png,0.842918,0.18779,0.0,0.099239,5
Fish,fish_094.png,0.842882,0.188451,0.001751,0.0986,5
Fish,fish_095.png,0.847241,0.18352,0.0,0.1034,5
Fish,fish_096.png,0.835766,0.193775,1e-05,0.098765,5
Fish,fish_097.png,0.825326,0.205352,1e-05,0.088659,5
Fish,fish_098.png,0.837583,0.192897,0.000322,0.645852,5
Fish,fish_099.png,0.816826,0.211551,0.000664,0.08645,5
Fish,fish_100.png,0.833743,0.19632,0.0,0.093944,5
Fish,fish_101.png,0.83805,0.193177,0.000434,0.103195,5
Fish,fish_102.png,0.818712,0.208116,0.002174,0.04955,5
Fish,fish_103.png,0.825355,0.198991,0.025219,0.085306,5
Fish,fish_104.png,0.820975,0.206252,0.000521,0.100249,5
Fish,fish_105.png,0.826322,0.20399,0.000352,0.095381,5
Fish,fish_106.png,0.845371,0.185935,0.001669,0.087557,5
Fish,fish_107.png,0.837832,0.193894,0.000133,0.082383,5
Fish,fish_108.png,0.829592,0.19393,0.087335,0.107201,5
Fish,fish_109.png,0.823714,0.201681,0.001005,0.167252,5
Fish,fish_110.png,0.832162,0.196915,0.000199,0.111978,5
Fish,fish_111.png,0.808285,0.216709,0.000128,0.156718,5
Fish,fish_112.png,0.833271,0.196919,0.0,0.115222,5
Fish,fish_113.png,0.841198,0.188695,0.000602,0.114803,5
Fish,fish_114.png,0.82894,0.200477,0.002511,0.088823,5
Fish,fish_115.png,0.830317,0.199216,0.002236,0.090255,5
Fish,fish_116.png,0.825961,0.204192,0.001067,0.074701,5
Fish,fish_117.png,0.824449,0.203908,0.001909,0.104174,5
Fish,fish_118.png,0.832193,0.197172,0.002623,0.083512,5
Fish,fish_119.png,0.826301,0.202739,0.006906,0.078101,5
Fish,fish_120.png,0.831341,0.198602,2e-05,0.145363,5
Fish,fish_121.png,0.814524,0.206024,1e-05,0.098575,5
Fish,fish_122.png,0.834738,0.194606,5e-06,0.084182,5
Fish,fish_123.png,0.841143,0.190256,0.0,0.083309,5
Fish,fish_124.png,0.846023,0.182018,0.0,0.122194,5
Fish,fish_125.png,0.837348,0.193769,5e-06,0.086527,5
Fish,fish_126.png,0.832016,0.197626,1e-05,0.102186,5
Fish,fish_127.png,0.838265,0.192888,0.0,0.078777,5
Fish,fish_128.png,0.846582,0.182528,0.0,0.117996,5
Fish,fish_129.png,0.840391,0.190068,0.0,0.093759,5
Fish,fish_130.png,0.838635,0.190729,0.0,0.100316,5
Fish,fish_131.png,0.826973,0.201664,0.0,0.107737,5
Fish,fish_132.png,0.824069,0.20399,5.6e-05,0.065947,5
Fish,fish_133.png,0.840762,0.189987,0.0,0.103242,5
Fish,fish_134.png,0.841632,0.189339,0.0,0.098559,5
Fish,fish_135.png,0.838469,0.191925,0.0,0.105912,5
Fish,fish_136.png,0.827492,0.196457,0.000781,0.104896,5
Fish,fish_137.png,0.826184,0.203296,4.1e-05,0.10328,5
Fish,fish_138.png,0.833909,0.195049,0.000505,0.094767,5
Fish,fish_139.png,0.818568,0.207628,0.0,0.083632,5
Fish,fish_140.png,0.834169,0.19469,7.7e-05,0.079427,5
Fish,fish_141.png,0.83702,0.194451,0.0,0.097918,5
Fish,fish_142.png,0.838641,0.190178,0.0,0.079889,5
Fish,fish_143.png,0.826889,0.200713,0.0,0.101515,5
Fish,fish_144.png,0.839429,0.190516,0.0,0.101697,5
Fish,fish_145.png,0.835131,0.196219,0.0,0.071628,5
Fish,fish_146.png,0.835199,0.195703,0.0,0.087421,5
Fish,fish_147.png,0.829397,0.198023,0.0,0.101931,5
Fish,fish_148.png,0.837131,0.192011,0.0,0.101587,5
Fish,fish_149.png,0.850303,0.180767,0.0,0.10139,5
Fish,fish_150.png,0.826722,0.2017,0.0,0.106646,5
Fish,fish_151.png,0.80409,0.214797,0.0,0.080767,4
Fish,fish_152.png,0.818993,0.208225,0.0,0.102934,4
Fish,fish_153.png,0.814128,0.213265,5.1e-05,0.064818,4
Fish,fish_154.png,0.740736,0.23156,3.1e-05,0.068177,4
Fish,fish_155.png,0.82454,0.203702,0.0,0.175695,4
Fish,fish_156.png,0.824232,0.205175,5.1e-05,0.07158,4
Fish,fish_157.png,0.808094,0.21655,0.0,0.098643,4
Fish,fish_158.png,0.811075,0.216023,0.0,0.116368,4
Fish,fish_159.png,0.807662,0.214593,0.0,0.071045,4
Fish,fish_160.png,0.828026,0.202746,0.0,0.086405,4
Fish,fish_161.png,0.823311,0.206367,1e-05,0.072727,4
Fish,fish_162.png,0.827146,0.202244,2.6e-05,0.074836,4
Fish,fish_163.png,0.809122,0.215198,0.0,0.116981,4
Fish,fish_164.png,0.809754,0.206722,0.0,0.080159,4
Fish,fish_165.png,0.815595,0.21271,0.0,0.077576,4
Fish,fish_166.png,0.816101,0.211738,0.0,0.075276,4
Fish,fish_167.png,0.813537,0.216097,0.0,0.093954,4
Fish,fish_168.png,0.819927,0.205915,6.6e-05,0.123433,4
Fish,fish_169.png,0.815249,0.214493,0.0,0.073415,4
Fish,fish_170.png,0.813938,0.212648,0.000148,0.086424,4
Fish,fish_171.png,0.842071,0.187564,0.000924,0.121818,4
Fish,fish_172.png,0.823988,0.20307,0.004262,0.121082,4
Fish,fish_173.png,0.81724,0.209034,0.003455,0.08545,4
Fish,fish_174.png,0.828064,0.202938,2e-05,0.280205,4
Fish,fish_175.png,0.823679,0.197579,0.111048,0.08005,4
Fish,fish_176.png,0.833355,0.195609,0.000485,0.124715,4
Fish,fish_177.png,0.840142,0.187265,0.005916,0.098031,4
Fish,fish_178.png,0.82136,0.206751,0.00564,0.091178,4
Fish,fish_179.png,0.826837,0.200719,0.036632,0.066298,4
Fish,fish_180.png,0.809693,0.216583,0.008677,0.174502,4
Fish,fish_181.png,0.81496,0.211149,5.1e-05,0.382354,4
Fish,fish_182.png,0.825166,0.204137,7.1e-05,0.092536,4
Fish,fish_183.png,0.830651,0.198439,0.001087,0.111701,4
Fish,fish_184.png,0.828189,0.197968,0.004685,0.140742,4
Fish,fish_185.png,0.820444,0.206896,0.001036,0.094519,4
Fish,fish_186.png,0.820285,0.203816,0.03188,0.098397,4
Fish,fish_187.png,0.809546,0.217156,0.000184,0.115529,4
Fish,fish_188.png,0.816937,0.206001,0.006793,0.11068,4
Fish,fish_189.png,0.817736,0.209626,0.001266,0.139212,4
Fish,fish_190.png,0.830064,0.198491,1.5e-05,0.12247,4
Fish,fish_191.png,0.821682,0.206517,0.006053,0.072579,4
Fish,fish_192.png,0.840222,0.189033,8.7e-05,0.133626,4
Fish,fish_193.png,0.830372,0.197469,0.010131,0.082384,4
Fish,fish_194.png,0.846135,0.183886,0.0,0.128561,4
Fish,fish_195.png,0.835349,0.193082,0.0,0.124906,4
Fish,fish_196.png,0.814846,0.203684,0.143494,0.122583,4
Fish,fish_197.png,0.836137,0.192867,0.000204,0.103823,4
Fish,fish_198.png,0.846179,0.181593,0.000755,0.119382,4
Fish,fish_199.png,0.831893,0.19736,0.002098,0.131265,4
Fish,fish_200.png,0.835971,0.195301,0.001388,0.101759,4
Fish,fish_201.png,0.837531,0.19164,0.000225,0.1095,4
Fish,fish_202.png,0.816382,0.208372,0.0,0.141144,4
Fish,fish_203.png,0.822724,0.207601,0.001031,0.104148,4
Fish,fish_204.png,0.827487,0.201928,0.002583,0.10699,4
Fish,fish_205.png,0.845522,0.183149,0.0,0.141441,4
Fish,fish_206.png,0.830548,0.198977,5e-06,0.108149,4
Fish,fish_207.png,0.813098,0.215248,0.002649,0.10114,4
Fish,fish_208.png,0.848581,0.177634,0.0,0.118855,4
Fish,fish_209.png,0.842426,0.186978,0.000133,0.106387,4
Fish,fish_210.png,0.807612,0.207363,0.155606,0.102226,4
Fish,fish_211.png,0.826707,0.200449,0.005078,0.085367,4
Fish,fish_212.png,0.8164,0.211546,0.000204,0.104352,4
Fish,fish_213.png,0.837427,0.192808,4.1e-05,0.124784,4
Fish,fish_214.png,0.843353,0.184338,4.1e-05,0.222439,4
Fish,fish_215.png,0.838785,0.18943,6.6e-05,0.12269,4
Fish,fish_216.png,0.844214,0.186423,1e-05,0.139308,4
Fish,fish_217.png,0.834488,0.195962,6.1e-05,0.107515,4
Fish,fish_218.png,0.850581,0.179815,0.006436,0.134102,4
Fish,fish_219.png,0.818465,0.20643,0.013245,0.092759,4
Fish,fish_220.png,0.811889,0.214228,0.02821,0.095366,4
Fish,fish_221.png,0.823027,0.202746,0.013225,0.113124,4
Fish,fish_222.png,0.819366,0.207656,0.004742,0.099559,4
Fish,fish_223.png,0.811622,0.215414,0.000112,0.221906,4
Fish,fish_224.png,0.818214,0.207187,0.015404,0.100255,4
Fish,fish_225.png,0.835696,0.192647,0.001781,0.141953,4
Fish,fish_226.png,0.833835,0.194155,0.01032,0.098761,4
Fish,fish_227.png,0.840713,0.183792,0.002098,0.119838,4
Fish,fish_228.png,0.837025,0.191459,0.032038,0.085612,4
Fish,fish_229.png,0.822862,0.205162,0.001894,0.123831,4
Fish,fish_230.png,0.814558,0.21226,0.035539,0.152039,4
Fish,fish_231.png,0.835185,0.193177,0.008371,0.157447,4
Fish,fish_232.png,0.818349,0.204808,0.081618,0.079484,4
Fish,fish_233.png,0.822058,0.198062,0.058946,0.118569,4
Fish,fish_234.png,0.814772,0.207051,0.104939,0.079774,4
Fish,fish_235.png,0.838603,0.186412,5e-06,0.269694,4
Fish,fish_236.png,0.831126,0.192327,2e-05,0.217795,4
Fish,fish_237.png,0.826053,0.201322,6.1e-05,0.097032,4
Fish,fish_238.png,0.831687,0.196624,0.001664,0.116935,4
Fish,fish_239.png,0.835049,0.19457,0.000388,0.135677,4
Fish,fish_240.png,0.83791,0.192834,0.00072,0.111637,4
Fish,fish_241.png,0.825085,0.200391,0.001695,0.107943,4
Fish,fish_242.png,0.824477,0.203634,0.005961,0.101523,4
Fish,fish_243.png,0.829567,0.199468,0.000133,0.107969,4
Fish,fish_244.png,0.817786,0.208176,0.015006,0.12347,4
Fish,fish_245.png,0.831638,0.197712,0.002363,0.110411,4
Fish,fish_246.png,0.825307,0.199732,0.04022,0.102541,4
Fish,fish_247.png,0.822285,0.203538,0.033089,0.11113,4
Fish,fish_248.png,0.836025,0.193554,0.000286,0.112489,4
Fish,fish_249.png,0.82387,0.203744,0.000148,0.169189,4
Fish,fish_250.png,0.819012,0.207916,0.006737,0.123784,4
Fish,fish_251.png,0.839706,0.190817,0.00246,0.118476,4
Fish,fish_252.png,0.824574,0.202,0.025148,0.099565,4
Fish,fish_253.png,0.830695,0.200462,0.000929,0.100988,4
Fish,fish_254.png,0.821981,0.207594,0.004236,0.105209,4
Fish,fish_255.png,0.833169,0.195187,0.018043,0.101418,4
IceCream,IceCream_001.png,0.876545,0.154085,1.9e-05,0.133402,4
IceCream,IceCream_002.png,0.903169,0.122472,0.0,0.155423,4
IceCream,IceCream_003.png,0.884778,0.141901,0.0,0.135574,4
IceCream,IceCream_004.png,0.913366,0.109019,0.0,0.129994,4
IceCream,IceCream_005.png,0.896765,0.129682,0.002955,0.119884,4
IceCream,IceCream_006.png,0.875552,0.150866,0.000664,0.12594,4
IceCream,IceCream_007.png,0.912993,0.110646,0.006283,0.127691,4
IceCream,IceCream_008.png,0.915264,0.108632,0.0,0.128043,4
IceCream,IceCream_009.png,0.861951,0.167506,0.002393,0.125575,4
IceCream,IceCream_010.png,0.863775,0.165524,0.0,0.155618,4
IceCream,IceCream_011.png,0.849258,0.18215,0.001497,0.132111,4
IceCream,IceCream_012.png,0.830811,0.198043,0.0,0.126806,4
IceCream,IceCream_013.png,0.85466,0.170509,0.0,0.145663,4
IceCream,IceCream_014.png,0.831282,0.196234,6e-06,0.168647,4
IceCream,IceCream_015.png,0.864981,0.165337,6e-06,0.127893,5
IceCream,IceCream_016.png,0.886015,0.141558,4.5e-05,0.125911,5
IceCream,IceCream_017.png,0.894462,0.131975,5.8e-05,0.122167,5
IceCream,IceCream_018.png,0.904913,0.120564,0.001239,0.122115,5
IceCream,IceCream_019.png,0.883661,0.144683,0.0,0.124552,5
IceCream,IceCream_020.png,0.873716,0.155449,0.0,0.125981,5
IceCream,IceCream_021.png,0.858845,0.169385,0.008116,0.116785,5
IceCream,IceCream_022.png,0.867376,0.163088,0.000555,0.125344,5
IceCream,IceCream_023.png,0.840876,0.189343,0.0,0.125987,5
IceCream,IceCream_024.png,0.833413,0.194066,0.0,0.123068,5
IceCream,IceCream_025.png,0.884752,0.143669,1.0,0.126298,5
IceCream,IceCream_026.png,0.866483,0.162837,0.016231,0.120716,5
IceCream,IceCream_027.png,0.854266,0.173413,0.03734,0.155719,5
IceCream,IceCream_028.png,0.867814,0.156481,0.000755,0.122653,5
IceCream,IceCream_029.png,0.828261,0.202229,0.000194,0.121017,5
IceCream,IceCream_030.png,0.829386,0.200999,1.9e-05,0.123221,5
IceCream,IceCream_031.png,0.84384,0.186454,1.0,0.123061,5
IceCream,IceCream_032.png,0.833265,0.195088,0.001019,0.121076,5
IceCream,IceCream_033.png,0.837438,0.1933,0.000406,0.119598,5
IceCream,IceCream_034.png,0.826749,0.201878,0.000852,0.122568,5
IceCream,IceCream_035.png,0.832224,0.194855,0.000529,0.117744,5
IceCream,IceCream_036.png,0.847243,0.181519,0.0,0.128576,5
IceCream,IceCream_037.png,0.854679,0.176173,0.0,0.123632,5
IceCream,IceCream_038.png,0.815065,0.202685,0.000129,0.117896,5
IceCream,IceCream_039.png,0.817553,0.210138,0.000187,0.124503,5
IceCream,IceCream_040.png,0.852086,0.178091,0.000155,0.122381,5
IceCream,IceCream_041.png,0.819148,0.208691,6e-06,0.119975,5
IceCream,IceCream_042.png,0.831985,0.191362,6e-06,0.124329,5
IceCream,IceCream_043.png,0.849943,0.180932,0.0,0.11356,5
IceCream,IceCream_044.png,0.85013,0.180151,0.0,0.114505,5
IceCream,IceCream_045.png,0.855813,0.176028,0.0,0.12576,5
IceCream,IceCream_046.png,0.840798,0.187821,0.000142,0.118501,5
IceCream,IceCream_047.png,0.834038,0.195486,1.9e-05,0.12058,5
IceCream,IceCream_048.png,0.842231,0.188092,0.000529,0.120135,5
IceCream,IceCream_049.png,0.840963,0.188462,4.5e-05,0.122946,5
IceCream,IceCream_050.png,0.835274,0.19328,0.0,0.127219,5
IceCream,IceCream_051.png,0.835661,0.194247,0.0,0.104448,5
IceCream,IceCream_052.png,0.830848,0.198563,0.0,0.11914,5
IceCream,IceCream_053.png,0.854869,0.171596,0.0,0.121113,5
IceCream,IceCream_054.png,0.840836,0.187551,0.0,0.123481,5
IceCream,IceCream_055.png,0.847721,0.18378,1.9e-05,0.124035,5
IceCream,IceCream_056.png,0.835999,0.192332,0.0,0.1221,5
IceCream,IceCream_057.png,0.809059,0.210839,0.004884,0.15082,5
IceCream,IceCream_058.png,0.82063,0.204393,0.0022,0.097005,5
IceCream,IceCream_059.png,0.830197,0.198466,0.00389,0.123607,5
IceCream,IceCream_060.png,0.836252,0.192303,1.3e-05,0.126504,5
IceCream,IceCream_061.png,0.82068,0.203826,0.007122,0.123171,5
IceCream,IceCream_062.png,0.845,0.186011,6e-06,0.123256,5
IceCream,IceCream_063.png,0.850719,0.17998,0.0,0.126457,5
IceCream,IceCream_064.png,0.839507,0.184151,0.0,0.12799,5
IceCream,IceCream_065.png,0.833157,0.189882,1.9e-05,0.128399,5
IceCream,IceCream_066.png,0.836585,0.194121,9e-05,0.124768,5
IceCream,IceCream_067.png,0.847718,0.179726,0.000632,0.093894,5
IceCream,IceCream_068.png,0.831017,0.194841,0.001064,0.123143,5
IceCream,IceCream_069.png,0.843724,0.183074,6e-06,0.12863,5
IceCream,IceCream_070.png,0.850434,0.180125,2.6e-05,0.109592,5
IceCream,IceCream_071.png,0.844048,0.18602,0.001219,0.143758,5
IceCream,IceCream_072.png,0.827988,0.201967,0.0,0.10677,5
IceCream,IceCream_073.png,0.844723,0.186086,0.0,0.120057,5
IceCream,IceCream_074.png,0.837131,0.190361,0.0,0.12906,5
IceCream,IceCream_075.png,0.857868,0.172733,0.0,0.125857,5
IceCream,IceCream_076.png,0.839926,0.186982,0.00011,0.125256,5
IceCream,IceCream_077.png,0.841219,0.189592,1.0,0.12502,5
IceCream,IceCream_078.png,0.831135,0.192237,6e-06,0.127063,5
IceCream,IceCream_079.png,0.852021,0.178233,0.000387,0.11437,5
IceCream,IceCream_080.png,0.842741,0.18519,1.3e-05,0.116517,5
IceCream,IceCream_081.png,0.843885,0.182846,0.0,0.092985,5
IceCream,IceCream_082.png,0.83435,0.194205,0.000116,0.113048,5
IceCream,IceCream_083.png,0.837082,0.191854,0.003942,0.111633,5
IceCream,IceCream_084.png,0.849912,0.180515,0.0002,0.111702,5
IceCream,IceCream_085.png,0.842638,0.188084,0.0,0.123058,5
IceCream,IceCream_086.png,0.835683,0.192262,1.9e-05,0.114979,5
IceCream,IceCream_087.png,0.84075,0.185975,6e-06,0.1138,5
IceCream,IceCream_088.png,0.846014,0.185428,9e-05,0.124408,5
IceCream,IceCream_089.png,0.844371,0.182065,0.0,0.125421,5
IceCream,IceCream_090.png,0.827292,0.199905,1.3e-05,0.117363,5
IceCream,IceCream_091.png,0.841304,0.183282,3.2e-05,0.105927,5
IceCream,IceCream_092.png,0.849943,0.178476,0.0,0.122258,5
IceCream,IceCream_093.png,0.83837,0.189191,1.0,0.109834,5
IceCream,IceCream_094.png,0.817453,0.206206,7.7e-05,0.112252,5
IceCream,IceCream_095.png,0.844057,0.183809,0.0,0.126434,5
IceCream,IceCream_096.png,0.829601,0.199038,0.0,0.124905,5
IceCream,IceCream_097.png,0.823647,0.207145,0.000123,0.085253,5
IceCream,IceCream_098.png,0.84325,0.188225,6e-06,0.730941,5
IceCream,IceCream_099.png,0.829318,0.199241,0.015734,0.069241,5
IceCream,IceCream_100.png,0.829618,0.200714,0.000245,0.093016,5
IceCream,IceCream_101.png,0.822169,0.206962,1.9e-05,0.10771,5
IceCream,IceCream_102.png,0.821252,0.208433,0.000155,0.103595,5
IceCream,IceCream_103.png,0.833425,0.195425,0.019128,0.096125,5
IceCream,IceCream_104.png,0.817653,0.210395,0.000252,0.081283,5
IceCream,IceCream_105.png,0.82983,0.201785,6e-06,0.108997,5
IceCream,IceCream_106.png,0.827609,0.202874,0.000452,0.094622,5
IceCream,IceCream_107.png,0.83515,0.195622,0.000129,0.070593,5
IceCream,IceCream_108.png,0.824602,0.205126,0.000871,0.107841,5
IceCream,IceCream_109.png,0.833711,0.196527,0.000148,0.15396,5
IceCream,IceCream_110.png,0.802991,0.221409,0.000452,0.112521,5
IceCream,IceCream_111.png,0.82953,0.199388,0.000432,0.11818,5
IceCream,IceCream_112.png,0.842153,0.189206,0.0,0.117454,5
IceCream,IceCream_113.png,0.816491,0.210312,0.000258,0.131056,5
IceCream,IceCream_114.png,0.825312,0.201539,0.002968,0.056523,5
IceCream,IceCream_115.png,0.837396,0.193182,0.001568,0.112384,5
IceCream,IceCream_116.png,0.83077,0.199803,0.000993,0.053324,5
IceCream,IceCream_117.png,0.82235,0.205113,0.000155,0.096092,5
IceCream,IceCream_118.png,0.819791,0.204379,0.006696,0.058362,5
IceCream,IceCream_119.png,0.827581,0.200934,0.003426,0.057906,5
IceCream,IceCream_120.png,0.831015,0.197655,0.0,0.155039,5
IceCream,IceCream_121.png,0.842857,0.187881,0.0,0.121201,5
IceCream,IceCream_122.png,0.834937,0.195854,0.0,0.078468,5
IceCream,IceCream_123.png,0.835598,0.195523,0.00011,0.091829,5
IceCream,IceCream_124.png,0.83126,0.199568,0.0,0.096368,5
IceCream,IceCream_125.png,0.829523,0.200393,0.0,0.071855,5
IceCream,IceCream_126.png,0.819427,0.209159,0.0,0.119706,5
IceCream,IceCream_127.png,0.827724,0.199564,0.0,0.084088,5
IceCream,IceCream_128.png,0.834956,0.194863,0.0,0.124251,5
IceCream,IceCream_129.png,0.842782,0.186615,0.0,0.091624,5
IceCream,IceCream_130.png,0.840365,0.190288,1.9e-05,0.119043,5
IceCream,IceCream_131.png,0.83199,0.197065,1.9e-05,0.130449,5
IceCream,IceCream_132.png,0.823374,0.206584,1.3e-05,0.05995,5
IceCream,IceCream_133.png,0.828277,0.199645,0.0,0.123727,5
IceCream,IceCream_134.png,0.843896,0.186851,1.3e-05,0.114924,5
IceCream,IceCream_135.png,0.828042,0.198005,0.0,0.12086,5
IceCream,IceCream_136.png,0.824916,0.20102,0.0,0.160965,5
IceCream,IceCream_137.png,0.824822,0.206075,0.0,0.118501,5
IceCream,IceCream_138.png,0.829168,0.199979,1.9e-05,0.11699,5
IceCream,IceCream_139.png,0.828123,0.199576,1.9e-05,0.050197,5
IceCream,IceCream_140.png,0.844414,0.186529,0.0,0.108972,5
IceCream,IceCream_141.png,0.84071,0.190598,0.0,0.095704,5
IceCream,IceCream_142.png,0.834044,0.194735,0.0,0.078368,5
IceCream,IceCream_143.png,0.838554,0.189039,0.0,0.127631,5
IceCream,IceCream_144.png,0.8231,0.193342,1.0,0.12805,5
IceCream,IceCream_145.png,0.834128,0.195727,0.0,0.071655,5
IceCream,IceCream_146.png,0.841153,0.189542,0.0,0.060387,5
IceCream,IceCream_147.png,0.830943,0.196262,0.0,0.120941,5
IceCream,IceCream_148.png,0.860045,0.169581,6e-06,0.114035,5
IceCream,IceCream_149.png,0.842657,0.186897,0.0,0.135356,5
IceCream,IceCream_150.png,0.792512,0.2139,6e-06,0.107459,5
IceCream,IceCream_151.png,0.828316,0.202112,0.0,0.075856,4
IceCream,IceCream_152.png,0.830156,0.199545,0.0,0.108878,4
IceCream,IceCream_153.png,0.827761,0.201268,0.000258,0.069132,4
IceCream,IceCream_154.png,0.758586,0.224259,0.013489,0.044786,4
IceCream,IceCream_155.png,0.827512,0.201748,0.0,0.113822,4
IceCream,IceCream_156.png,0.826465,0.202456,0.000213,0.050581,4
IceCream,IceCream_157.png,0.81534,0.211829,0.0,0.07608,4
IceCream,IceCream_158.png,0.796638,0.225189,0.0,0.153243,4
IceCream,IceCream_159.png,0.826486,0.202727,0.000497,0.032207,4
IceCream,IceCream_160.png,0.816725,0.20986,6e-06,0.061344,4
IceCream,IceCream_161.png,0.828253,0.202605,9.7e-05,0.080562,4
IceCream,IceCream_162.png,0.827305,0.202392,0.001768,0.051623,4
IceCream,IceCream_163.png,0.8163,0.208242,0.00031,0.137281,4
IceCream,IceCream_164.png,0.846132,0.182466,0.0,0.089971,4
IceCream,IceCream_165.png,0.834256,0.194574,0.0,0.063316,4
IceCream,IceCream_166.png,0.821479,0.206214,0.0,0.060957,4
IceCream,IceCream_167.png,0.828857,0.20023,0.0002,0.113464,4
IceCream,IceCream_168.png,0.816898,0.21059,0.0,0.129284,4
IceCream,IceCream_169.png,0.831232,0.199796,0.0,0.062194,4
IceCream,IceCream_170.png,0.814876,0.207445,0.000903,0.060781,4
IceCream,IceCream_171.png,0.837147,0.192421,0.0,0.165905,4
IceCream,IceCream_172.png,0.819371,0.20647,0.004729,0.074455,4
IceCream,IceCream_173.png,0.824468,0.204709,5.2e-05,0.083649,4
IceCream,IceCream_174.png,0.835393,0.195467,3.9e-05,0.210243,4
IceCream,IceCream_175.png,0.823635,0.205478,0.009567,0.050369,4
IceCream,IceCream_176.png,0.804318,0.220274,0.004013,0.130904,4
IceCream,IceCream_177.png,0.815037,0.211361,0.007974,0.09704,4
IceCream,IceCream_178.png,0.82636,0.202382,0.003503,0.082456,4
IceCream,IceCream_179.png,0.83068,0.19604,0.035411,0.048817,4
IceCream,IceCream_180.png,0.823166,0.20284,0.001013,0.137811,4
IceCream,IceCream_181.png,0.846685,0.184494,9e-05,0.276593,4
IceCream,IceCream_182.png,0.837214,0.194079,0.0,0.074052,4
IceCream,IceCream_183.png,0.83897,0.190806,2.6e-05,0.154567,4
IceCream,IceCream_184.png,0.805367,0.217455,0.025263,0.094346,4
IceCream,IceCream_185.png,0.804515,0.219964,0.000361,0.08592,4
IceCream,IceCream_186.png,0.823825,0.205624,0.01087,0.123733,4
IceCream,IceCream_187.png,0.819411,0.203132,0.000355,0.105442,4
IceCream,IceCream_188.png,0.817151,0.206784,0.004845,0.139737,4
IceCream,IceCream_189.png,0.817843,0.210094,9.7e-05,0.172702,4
IceCream,IceCream_190.png,0.850188,0.178203,0.0,0.119906,4
IceCream,IceCream_191.png,0.814163,0.212571,0.001,0.078604,4
IceCream,IceCream_192.png,0.848836,0.180717,1.3e-05,0.133779,4
IceCream,IceCream_193.png,0.823248,0.205482,0.003942,0.062561,4
IceCream,IceCream_194.png,0.837443,0.190963,0.000813,0.152681,4
IceCream,IceCream_195.png,0.825536,0.203665,3.2e-05,0.171739,4
IceCream,IceCream_196.png,0.836174,0.193844,0.0,0.126662,4
IceCream,IceCream_197.png,0.820592,0.208628,3.2e-05,0.117952,4
IceCream,IceCream_198.png,0.826943,0.202116,6e-06,0.12609,4
IceCream,IceCream_199.png,0.820651,0.205835,0.004174,0.138317,4
IceCream,IceCream_200.png,0.832639,0.195498,0.001587,0.130606,4
IceCream,IceCream_201.png,0.841688,0.188287,0.001684,0.129139,4
IceCream,IceCream_202.png,0.832882,0.19659,3.2e-05,0.153537,4
IceCream,IceCream_203.png,0.832983,0.19704,0.000742,0.156001,4
IceCream,IceCream_204.png,0.844844,0.183616,0.001245,0.121296,4
IceCream,IceCream_205.png,0.811629,0.211841,9.7e-05,0.123334,4
IceCream,IceCream_206.png,0.829764,0.19975,0.0,0.12959,4
IceCream,IceCream_207.png,0.836326,0.194101,0.00211,0.119742,4
IceCream,IceCream_208.png,0.838427,0.191273,0.000174,0.134156,4
IceCream,IceCream_209.png,0.822559,0.200317,0.000297,0.131494,4
IceCream,IceCream_210.png,0.836985,0.191065,0.0,0.127985,4
IceCream,IceCream_211.png,0.790092,0.213784,0.0,0.12543,4
IceCream,IceCream_212.png,0.826284,0.203455,0.000316,0.083816,4
IceCream,IceCream_213.png,0.836601,0.194174,0.000697,0.11536,4
IceCream,IceCream_214.png,0.822409,0.203251,0.0,0.174461,4
IceCream,IceCream_215.png,0.834361,0.194296,3.2e-05,0.122695,4
IceCream,IceCream_216.png,0.851533,0.178847,0.0,0.167161,4
IceCream,IceCream_217.png,0.846557,0.184045,0.0,0.103932,4
IceCream,IceCream_218.png,0.835333,0.192181,0.00369,0.143334,4
IceCream,IceCream_219.png,0.825773,0.197974,0.023276,0.05889,4
IceCream,IceCream_220.png,0.840182,0.190999,0.000419,0.151365,4
IceCream,IceCream_221.png,0.830672,0.196634,0.00738,0.114717,4
IceCream,IceCream_222.png,0.82793,0.202851,0.0,0.073203,4
IceCream,IceCream_223.png,0.816799,0.20931,0.000116,0.150865,4
IceCream,IceCream_224.png,0.823941,0.202431,0.003297,0.049515,4
IceCream,IceCream_225.png,0.821099,0.205087,0.01627,0.105525,4
IceCream,IceCream_226.png,0.830277,0.19538,0.032585,0.114696,4
IceCream,IceCream_227.png,0.827719,0.199399,0.0002,0.123158,4
IceCream,IceCream_228.png,0.833063,0.197242,0.004993,0.083307,4
IceCream,IceCream_229.png,0.832412,0.198848,6e-06,0.140292,4
IceCream,IceCream_230.png,0.829334,0.197777,0.020934,0.119001,4
IceCream,IceCream_231.png,0.847153,0.184364,0.000768,0.290364,4
IceCream,IceCream_232.png,0.837649,0.191467,0.024947,0.065162,4
IceCream,IceCream_233.png,0.824379,0.198552,0.073634,0.062066,4
IceCream,IceCream_234.png,0.840303,0.187765,0.003548,0.093429,4
IceCream,IceCream_235.png,0.851539,0.178897,6e-06,0.209101,4
IceCream,IceCream_236.png,0.839354,0.185459,0.0,0.242147,4
IceCream,IceCream_237.png,0.832371,0.194888,0.000297,0.108167,4
IceCream,IceCream_238.png,0.819405,0.209335,0.001471,0.088932,4
IceCream,IceCream_239.png,0.834276,0.194603,0.0,0.145863,4
IceCream,IceCream_240.png,0.832727,0.195351,0.001787,0.16097,4
IceCream,IceCream_241.png,0.829665,0.198573,0.001439,0.120292,4
IceCream,IceCream_242.png,0.82559,0.203494,0.003103,0.128342,4
IceCream,IceCream_243.png,0.833955,0.195084,0.000303,0.123294,4
IceCream,IceCream_244.png,0.801903,0.221594,0.004671,0.162299,4
IceCream,IceCream_245.png,0.832436,0.198652,0.001245,0.125697,4
IceCream,IceCream_246.png,0.826451,0.20123,1.0,0.18268,4
IceCream,IceCream_247.png,0.825509,0.198757,0.018231,0.117394,4
IceCream,IceCream_248.png,0.821476,0.206766,6e-06,0.136468,4
IceCream,IceCream_249.png,0.835374,0.194001,0.000335,0.129857,4
IceCream,IceCream_250.png,0.829413,0.19995,0.006987,0.125972,4
IceCream,IceCream_251.png,0.835612,0.195815,0.002606,0.130082,4
IceCream,IceCream_252.png,0.829668,0.200279,0.000639,0.141923,4
IceCream,IceCream_253.png,0.826075,0.20093,0.00131,0.125863,4
IceCream,IceCream_254.png,0.834103,0.195356,0.003877,0.118613,4
IceCream,IceCream_255.png,0.825727,0.202175,0.001613,0.163275,4
Pencil,Pencil_001.png,0.8349,0.19458,7.3e-05,0.109043,4
Pencil,Pencil_002.png,0.850268,0.18074,0.000859,0.11218,4
Pencil,Pencil_003.png,0.878013,0.151363,1.0,0.12055,4
Pencil,Pencil_004.png,0.851661,0.17323,0.121488,0.118593,4
Pencil,Pencil_005.png,0.870607,0.159118,0.033723,0.096801,4
Pencil,Pencil_006.png,0.819556,0.207019,0.001424,0.127026,4
Pencil,Pencil_007.png,0.868079,0.163059,0.001696,0.101941,4
Pencil,Pencil_008.png,0.873564,0.156179,0.0,0.106185,4
Pencil,Pencil_009.png,0.865047,0.163072,0.050372,0.097954,4
Pencil,Pencil_010.png,0.864367,0.165292,1.5e-05,0.133728,4
Pencil,Pencil_011.png,0.872706,0.158011,8.8e-05,0.102711,4
Pencil,Pencil_012.png,0.857679,0.170753,0.000125,0.110587,4
Pencil,Pencil_013.png,0.75248,0.223325,0.0,0.185661,4
Pencil,Pencil_014.png,0.847362,0.18167,0.0029,0.123255,4
Pencil,Pencil_015.png,0.888218,0.139532,0.0,0.103093,5
Pencil,Pencil_016.png,0.894618,0.133277,2.9e-05,0.102432,5
Pencil,Pencil_017.png,0.893728,0.133833,0.012017,0.098988,5
Pencil,Pencil_018.png,0.882196,0.145527,7e-06,0.102566,5
Pencil,Pencil_019.png,0.877807,0.149671,0.0,0.102772,5
Pencil,Pencil_020.png,0.873453,0.15553,0.000396,0.099826,5
Pencil,Pencil_021.png,0.883462,0.146055,0.000536,0.099996,5
Pencil,Pencil_022.png,0.904357,0.121676,0.0,0.100818,5
Pencil,Pencil_023.png,0.881801,0.147848,0.0,0.102843,5
Pencil,Pencil_024.png,0.869649,0.158019,0.000264,0.100679,5
Pencil,Pencil_025.png,0.86557,0.164135,7e-06,0.100971,5
Pencil,Pencil_026.png,0.868947,0.160973,0.002261,0.098499,5
Pencil,Pencil_027.png,0.861963,0.167869,0.00436,0.271879,5
Pencil,Pencil_028.png,0.886576,0.139781,0.005594,0.099372,5
Pencil,Pencil_029.png,0.835937,0.19476,9.5e-05,0.098573,5
Pencil,Pencil_030.png,0.830646,0.19956,0.0,0.099343,5
Pencil,Pencil_031.png,0.831108,0.200041,0.0,0.100527,5
Pencil,Pencil_032.png,0.814236,0.213433,0.000653,0.096851,5
Pencil,Pencil_033.png,0.813537,0.216459,6.6e-05,0.096818,5
Pencil,Pencil_034.png,0.797967,0.208327,0.0,0.100133,5
Pencil,Pencil_035.png,0.816143,0.213875,7.3e-05,0.093261,5
Pencil,Pencil_036.png,0.836064,0.192917,0.0,0.097816,5
Pencil,Pencil_037.png,0.824048,0.206317,0.0,0.098156,5
Pencil,Pencil_038.png,0.827396,0.203603,0.0,0.093638,5
Pencil,Pencil_039.png,0.815142,0.215458,0.000147,0.099298,5
Pencil,Pencil_040.png,0.832565,0.196728,5.9e-05,0.095261,5
Pencil,Pencil_041.png,0.807503,0.216313,0.0,0.095837,5
Pencil,Pencil_042.png,0.836142,0.193863,1.5e-05,0.098173,5
Pencil,Pencil_043.png,0.820161,0.208587,0.0,0.09744,5
Pencil,Pencil_044.png,0.840718,0.190522,0.0,0.099704,5
Pencil,Pencil_045.png,0.85003,0.18132,0.0,0.098399,5
Pencil,Pencil_046.png,0.832317,0.196331,0.000558,0.091986,5
Pencil,Pencil_047.png,0.821556,0.208301,0.0,0.101284,5
Pencil,Pencil_048.png,0.830092,0.200344,0.000418,0.099532,5
Pencil,Pencil_049.png,0.822737,0.207291,0.0,0.095387,5
Pencil,Pencil_050.png,0.81624,0.212111,0.0,0.100223,5
Pencil,Pencil_051.png,0.840403,0.190659,0.0,0.099128,5
Pencil,Pencil_052.png,0.819173,0.2039,0.0,0.096763,5
Pencil,Pencil_053.png,0.831685,0.19581,1.5e-05,0.097571,5
Pencil,Pencil_054.png,0.824828,0.204876,0.0,0.099888,5
Pencil,Pencil_055.png,0.81937,0.210094,7e-06,0.094298,5
Pencil,Pencil_056.png,0.80285,0.211423,0.085937,0.09671,5
Pencil,Pencil_057.png,0.842071,0.184256,0.0,0.09338,5
Pencil,Pencil_058.png,0.817241,0.206526,0.003597,0.104972,5
Pencil,Pencil_059.png,0.828042,0.196673,0.056553,0.097277,5
Pencil,Pencil_060.png,0.831577,0.199525,2.9e-05,0.097959,5
Pencil,Pencil_061.png,0.825883,0.204786,0.005351,0.096146,5
Pencil,Pencil_062.png,0.826448,0.198826,0.023754,0.094236,5
Pencil,Pencil_063.png,0.84496,0.183131,0.0,0.100425,5
Pencil,Pencil_064.png,0.810642,0.205651,0.0,0.104581,5
Pencil,Pencil_065.png,0.836236,0.185603,0.000507,0.099881,5
Pencil,Pencil_066.png,0.827098,0.199546,2.9e-05,0.095593,5
Pencil,Pencil_067.png,0.837057,0.192319,0.000785,0.098195,5
Pencil,Pencil_068.png,0.745293,0.239361,0.077525,0.098909,5
Pencil,Pencil_069.png,0.812328,0.204035,0.072328,0.097967,5
Pencil,Pencil_070.png,0.83594,0.19489,0.0,0.097415,5
Pencil,Pencil_071.png,0.84232,0.189144,0.0,0.11997,5
Pencil,Pencil_072.png,0.841788,0.186781,0.004456,0.095196,5
Pencil,Pencil_073.png,0.723868,0.234851,0.00011,0.094809,5
Pencil,Pencil_074.png,0.829578,0.191573,0.0,0.09927,5
Pencil,Pencil_075.png,0.833993,0.196744,7e-06,0.097305,5
Pencil,Pencil_076.png,0.799304,0.211959,0.096523,0.094521,5
Pencil,Pencil_077.png,0.829246,0.200665,0.001197,0.095974,5
Pencil,Pencil_078.png,0.828269,0.200962,0.000859,0.102904,5
Pencil,Pencil_079.png,0.839209,0.190318,0.000125,0.09802,5
Pencil,Pencil_080.png,0.822026,0.205754,0.0,0.099629,5
Pencil,Pencil_081.png,0.831898,0.190395,0.0,0.094277,5
Pencil,Pencil_082.png,0.819802,0.206596,7e-06,0.095406,5
Pencil,Pencil_083.png,0.839852,0.190919,0.000235,0.095316,5
Pencil,Pencil_084.png,0.83583,0.194515,0.000705,0.097381,5
Pencil,Pencil_085.png,0.832906,0.19448,0.0,0.094257,5
Pencil,Pencil_086.png,0.827004,0.203197,4.4e-05,0.095429,5
Pencil,Pencil_087.png,0.826137,0.199804,1.5e-05,0.099029,5
Pencil,Pencil_088.png,0.835119,0.196445,5.9e-05,0.099724,5
Pencil,Pencil_089.png,0.83574,0.191469,0.0,0.100738,5
Pencil,Pencil_090.png,0.832559,0.198331,0.0,0.097378,5
Pencil,Pencil_091.png,0.828692,0.201447,0.000587,0.110029,5
Pencil,Pencil_092.png,0.844691,0.183354,0.0,0.097948,5
Pencil,Pencil_093.png,0.821594,0.203708,0.020796,0.09319,5
Pencil,Pencil_094.png,0.825952,0.203722,0.000161,0.096377,5
Pencil,Pencil_095.png,0.826884,0.201377,0.0,0.101692,5
Pencil,Pencil_096.png,0.834062,0.195399,8.1e-05,0.092052,5
Pencil,Pencil_097.png,0.813978,0.214937,0.00033,0.083081,5
Pencil,Pencil_098.png,0.814098,0.214595,8.1e-05,0.745667,5
Pencil,Pencil_099.png,0.827947,0.202423,5.1e-05,0.083415,5
Pencil,Pencil_100.png,0.831643,0.198338,0.000117,0.09362,5
Pencil,Pencil_101.png,0.817281,0.208706,0.001006,0.086373,5
Pencil,Pencil_102.png,0.818735,0.208791,0.001901,0.117179,5
Pencil,Pencil_103.png,0.842892,0.186585,0.000396,0.106551,5
Pencil,Pencil_104.png,0.828124,0.202086,0.001299,0.091177,5
Pencil,Pencil_105.png,0.825765,0.204658,0.0,0.098952,5
Pencil,Pencil_106.png,0.81626,0.211552,0.006438,0.,5
Pencil,Pencil_107.png,0.821354,0.20808,0.000323,0.086276,5
Pencil,Pencil_108.png,0.832426,0.196422,0.018998,0.099113,5
Pencil,Pencil_109.png,0.813029,0.21418,0.000301,0.112818,5
Pencil,Pencil_110.png,0.8355,0.192075,0.002422,0.08951,5
Pencil,Pencil_111.png,0.814714,0.21463,0.001564,0.08216,5
Pencil,Pencil_112.png,0.835576,0.195096,0.0,0.11049,5
Pencil,Pencil_113.png,0.824387,0.205001,5.1e-05,0.148856,5
Pencil,Pencil_114.png,0.813342,0.21186,0.009675,0.07566,5
Pencil,Pencil_115.png,0.822517,0.207984,0.000433,0.090464,5
Pencil,Pencil_116.png,0.806066,0.219486,0.001681,0.083648,5
Pencil,Pencil_117.png,0.815836,0.210671,0.002356,0.096552,5
Pencil,Pencil_118.png,0.814724,0.213034,0.001784,0.090923,5
Pencil,Pencil_119.png,0.828825,0.20242,0.004324,0.086675,5
Pencil,Pencil_120.png,0.824651,0.206343,9.5e-05,0.141703,5
Pencil,Pencil_121.png,0.83903,0.191888,0.0,0.099135,5
Pencil,Pencil_122.png,0.839912,0.187434,0.0,0.095871,5
Pencil,Pencil_123.png,0.837851,0.193414,0.0,0.116097,5
Pencil,Pencil_124.png,0.828444,0.198801,0.0,0.10282,5
Pencil,Pencil_125.png,0.827275,0.203533,0.00011,0.088717,5
Pencil,Pencil_126.png,0.82415,0.201224,1.5e-05,0.103449,5
Pencil,Pencil_127.png,0.834601,0.196586,0.0,0.093838,5
Pencil,Pencil_128.png,0.833583,0.196838,0.0,0.113427,5
Pencil,Pencil_129.png,0.839898,0.190871,0.0,0.103435,5
Pencil,Pencil_130.png,0.840835,0.190522,0.0,0.098517,5
Pencil,Pencil_131.png,0.836106,0.193713,8.8e-05,0.112064,5
Pencil,Pencil_132.png,0.832989,0.195983,5.1e-05,0.084647,5
Pencil,Pencil_133.png,0.831368,0.199965,0.0,0.107493,5
Pencil,Pencil_134.png,0.823753,0.204872,0.000176,0.095749,5
Pencil,Pencil_135.png,0.817277,0.20647,0.0,0.100756,5
Pencil,Pencil_136.png,0.823345,0.199308,0.000558,0.100125,5
Pencil,Pencil_137.png,0.842214,0.188171,0.00011,0.100588,5
Pencil,Pencil_138.png,0.833788,0.197637,0.0,0.099254,5
Pencil,Pencil_139.png,0.829093,0.201027,0.0,0.093911,5
Pencil,Pencil_140.png,0.836751,0.191554,0.0,0.100788,5
Pencil,Pencil_141.png,0.832456,0.194179,0.0,0.113105,5
Pencil,Pencil_142.png,0.843295,0.188334,0.0,0.102826,5
Pencil,Pencil_143.png,0.827228,0.200391,0.0,0.102967,5
Pencil,Pencil_144.png,0.824627,0.204449,0.0,0.101115,5
Pencil,Pencil_145.png,0.826511,0.204847,0.0,0.088833,5
Pencil,Pencil_146.png,0.826306,0.204564,0.0,0.089762,5
Pencil,Pencil_147.png,0.829372,0.200004,0.0,0.,5
Pencil,Pencil_148.png,0.835893,0.19354,0.0,0.09767,5
Pencil,Pencil_149.png,0.823863,0.200926,0.0,0.104144,5
Pencil,Pencil_150.png,0.840385,0.190227,0.0,0.103278,5
Pencil,Pencil_151.png,0.834766,0.191906,0.000852,0.094544,4
Pencil,Pencil_152.png,0.838462,0.189868,0.0,0.106281,4
Pencil,Pencil_153.png,0.824914,0.204793,0.0,0.0947,4
Pencil,Pencil_154.png,0.711978,0.238957,1.0,0.080195,4
Pencil,Pencil_155.png,0.832077,0.193326,0.00196,0.089429,4
Pencil,Pencil_156.png,0.819047,0.211043,3.7e-05,0.086271,4
Pencil,Pencil_157.png,0.81846,0.208411,0.0,0.094652,4
Pencil,Pencil_158.png,0.816864,0.209268,0.0,0.11691,4
Pencil,Pencil_159.png,0.818414,0.209299,0.000235,0.082662,4
Pencil,Pencil_160.png,0.819926,0.206442,7e-06,0.088864,4
Pencil,Pencil_161.png,0.822677,0.206838,0.0,0.092582,4
Pencil,Pencil_162.png,0.821644,0.199423,4.4e-05,0.087274,4
Pencil,Pencil_163.png,0.83596,0.192118,0.0,0.107509,4
Pencil,Pencil_164.png,0.838813,0.192476,0.0,0.096483,4
Pencil,Pencil_165.png,0.823561,0.201515,0.0,0.084857,4
Pencil,Pencil_166.png,0.814836,0.209808,0.0,0.079785,4
Pencil,Pencil_167.png,0.807335,0.216587,0.0,0.124075,4
Pencil,Pencil_168.png,0.839952,0.18759,0.0,0.226304,4
Pencil,Pencil_169.png,0.699773,0.236387,0.0,0.099527,4
Pencil,Pencil_170.png,0.816999,0.210718,0.0,0.092273,4
Pencil,Pencil_171.png,0.837551,0.191721,8.1e-05,0.137812,4
Pencil,Pencil_172.png,0.822966,0.203597,0.036601,0.089094,4
Pencil,Pencil_173.png,0.827875,0.200848,0.00036,0.087102,4
Pencil,Pencil_174.png,0.830759,0.199406,0.0,0.214689,4
Pencil,Pencil_175.png,0.832914,0.196611,0.002217,0.,4
Pencil,Pencil_176.png,0.830863,0.197068,5.1e-05,0.137167,4
Pencil,Pencil_177.png,0.823152,0.205574,0.000536,0.095817,4
Pencil,Pencil_178.png,0.810607,0.21609,0.014571,0.112172,4
Pencil,Pencil_179.png,0.820509,0.206444,0.005476,0.093104,4
Pencil,Pencil_180.png,0.825732,0.202551,0.000565,0.129923,4
Pencil,Pencil_181.png,0.815864,0.209485,1.0,0.370485,4
Pencil,Pencil_182.png,0.837555,0.19376,0.0,0.106126,4
Pencil,Pencil_183.png,0.833035,0.192692,0.000117,0.117552,4
Pencil,Pencil_184.png,0.832413,0.197072,0.002738,0.118465,4
Pencil,Pencil_185.png,0.822448,0.205188,9.5e-05,0.090753,4
Pencil,Pencil_186.png,0.806218,0.218146,0.039713,0.,4
Pencil,Pencil_187.png,0.823981,0.205226,0.0,0.096931,4
Pencil,Pencil_188.png,0.807194,0.211071,0.001967,0.120283,4
Pencil,Pencil_189.png,0.813775,0.215388,2.2e-05,0.144015,4
Pencil,Pencil_190.png,0.852239,0.177193,7e-06,0.112462,4
Pencil,Pencil_191.png,0.807801,0.212273,1.0,0.094682,4
Pencil,Pencil_192.png,0.84852,0.180352,0.000213,0.104398,4
Pencil,Pencil_193.png,0.840504,0.190682,0.005674,0.,4
Pencil,Pencil_194.png,0.838825,0.189978,0.000228,0.10478,4
Pencil,Pencil_195.png,0.820128,0.207291,1.5e-05,0.105807,4
Pencil,Pencil_196.png,0.831156,0.198017,1.0,0.103483,4
Pencil,Pencil_197.png,0.847033,0.183468,0.000147,0.105777,4
Pencil,Pencil_198.png,0.826168,0.199759,5.1e-05,0.113882,4
Pencil,Pencil_199.png,0.823965,0.205762,0.00127,0.110331,4
Pencil,Pencil_200.png,0.832242,0.198585,3.7e-05,0.219196,4
Pencil,Pencil_201.png,0.822368,0.202365,0.0,0.128066,4
Pencil,Pencil_202.png,0.822289,0.204512,0.000125,0.163803,4
Pencil,Pencil_203.png,0.819878,0.207819,0.001057,0.108488,4
Pencil,Pencil_204.png,0.815049,0.210787,0.003692,0.096355,4
Pencil,Pencil_205.png,0.807194,0.21583,1.0,0.152285,4
Pencil,Pencil_206.png,0.824126,0.205418,0.0,0.,4
Pencil,Pencil_207.png,0.8347,0.196714,3.7e-05,0.100219,4
Pencil,Pencil_208.png,0.830103,0.200563,0.000235,0.125974,4
Pencil,Pencil_209.png,0.82592,0.201011,4.4e-05,0.100863,4
Pencil,Pencil_210.png,0.830167,0.196779,0.000389,0.102344,4
Pencil,Pencil_211.png,0.826989,0.202709,0.000653,0.09751,4
Pencil,Pencil_212.png,0.822809,0.205679,0.001453,0.,4
Pencil,Pencil_213.png,0.834457,0.19583,0.0,0.113591,4
Pencil,Pencil_214.png,0.803412,0.217755,0.0,0.172182,4
Pencil,Pencil_215.png,0.824006,0.204573,0.00033,0.,4
Pencil,Pencil_216.png,0.814295,0.212785,5.1e-05,0.120306,4
Pencil,Pencil_217.png,0.825403,0.204838,0.0,0.097815,4
Pencil,Pencil_218.png,0.825753,0.203084,0.006878,0.124707,4
Pencil,Pencil_219.png,0.836157,0.194681,0.000624,0.111252,4
Pencil,Pencil_220.png,0.840392,0.190501,0.000529,0.124412,4
Pencil,Pencil_221.png,0.819627,0.209163,0.000367,0.,4
Pencil,Pencil_222.png,0.826048,0.205384,0.0,0.106223,4
Pencil,Pencil_223.png,0.812044,0.213866,0.000213,0.112408,4
Pencil,Pencil_224.png,0.822146,0.207798,0.003502,0.095013,4
Pencil,Pencil_225.png,0.822124,0.204841,0.003333,0.094391,4
Pencil,Pencil_226.png,0.827283,0.203092,0.000609,0.089939,4
Pencil,Pencil_227.png,0.812708,0.210804,0.000631,0.,4
Pencil,Pencil_228.png,0.81662,0.206859,0.013977,0.092924,4
Pencil,Pencil_229.png,0.84374,0.185733,0.0,0.157532,4
Pencil,Pencil_230.png,0.804964,0.215929,0.014953,0.107499,4
Pencil,Pencil_231.png,0.830156,0.199583,0.000954,0.187363,4
Pencil,Pencil_232.png,0.833551,0.196279,0.006643,0.088692,4
Pencil,Pencil_233.png,0.824471,0.203214,0.014659,0.,4
Pencil,Pencil_234.png,0.83228,0.19684,0.000198,0.100697,4
Pencil,Pencil_235.png,0.8413,0.187583,0.000991,0.140998,4
Pencil,Pencil_236.png,0.845441,0.182067,0.0,0.208865,4
Pencil,Pencil_237.png,0.813391,0.213489,0.000367,0.109194,4
Pencil,Pencil_238.png,0.837004,0.194151,7e-06,0.123103,4
Pencil,Pencil_239.png,0.822168,0.207233,0.000176,0.,4
Pencil,Pencil_240.png,0.818862,0.20922,0.000176,0.097163,4
Pencil,Pencil_241.png,0.82077,0.20631,0.000925,0.097794,4
Pencil,Pencil_242.png,0.822706,0.206328,0.000139,0.10578,4
Pencil,Pencil_243.png,0.820409,0.206359,0.0053,0.093391,4
Pencil,Pencil_244.png,0.820455,0.20655,0.003971,0.111518,4
Pencil,Pencil_245.png,0.822165,0.206719,0.013008,0.102949,4
Pencil,Pencil_246.png,0.833687,0.19724,0.000184,0.111625,4
Pencil,Pencil_247.png,0.813126,0.214352,0.005021,0.,4
Pencil,Pencil_248.png,0.830668,0.198583,0.000426,0.10138,4
Pencil,Pencil_249.png,0.827361,0.202872,0.000418,0.141302,4
Pencil,Pencil_250.png,0.83535,0.194707,9.5e-05,0.12391,4
Pencil,Pencil_251.png,0.819304,0.207261,0.019468,0.104294,4
Pencil,Pencil_252.png,0.835988,0.19331,0.017155,0.106443,4
Pencil,Pencil_253.png,0.832461,0.19795,7.3e-05,0.106532,4
Pencil,Pencil_254.png,0.825257,0.205617,0.001424,0.098683,4
Pencil,Pencil_255.png,0.814729,0.210677,0.000683,0.104582,4
